{"stat.useItem.20":6,"stat.useItem.351":3,"stat.walkOneCm":1594955,"stat.useItem.159":21,"stat.playerKills":38,"stat.horseOneCm":3162,"stat.leaveGame":252,"stat.jump":4293,"stat.swimOneCm":11818,"stat.fallOneCm":124018,"stat.climbOneCm":188,"stat.useItem.404":1,"achievement.exploreAllBiomes":{"value":0,"progress":["Birch Forest Hills","Sunflower Plains","ForestHills","Birch Forest","Plains","Beach","FrozenOcean","Extreme Hills+","Ice Plains","Jungle","Forest","Desert","Taiga","Extreme Hills","Savanna"]},"stat.useItem.35":304,"stat.useItem.44":52,"stat.boatOneCm":27078,"achievement.openInventory":489,"stat.damageTaken":3357890,"stat.useItem.98":72,"stat.useItem.54":1,"stat.flyOneCm":2191029,"stat.useItem.6":3,"stat.deaths":87,"stat.useItem.7":1,"stat.drop":2,"stat.useItem.148":5,"stat.useItem.147":102,"stat.playOneMinute":1654457,"stat.useItem.4":103,"stat.useItem.109":5,"stat.useItem.3":74,"stat.damageDealt":10,"stat.useItem.17":2,"stat.diveOneCm":7283}