{"stat.crouchOneCm":634,"stat.sneakTime":224,"stat.drop.minecraft.clock":1,"achievement.exploreAllBiomes":{"value":0,"progress":["Forest","Desert","Extreme Hills","Plains","Jungle"]},"achievement.openInventory":6,"stat.drop.minecraft.red_flower":2,"stat.drop.minecraft.skull":1,"stat.flyOneCm":54472,"stat.pickup.minecraft.iron_ingot":4,"stat.drop":14,"stat.drop.minecraft.porkchop":3,"stat.pickup.minecraft.porkchop":3,"stat.drop.minecraft.leather":1,"stat.timeSinceDeath":1144,"stat.leaveGame":1,"stat.playOneMinute":3302,"stat.pickup.minecraft.red_flower":2,"stat.drop.minecraft.chest":1,"stat.deaths":1,"stat.walkOneCm":845,"stat.jump":9,"stat.drop.minecraft.iron_ingot":4,"stat.sprintOneCm":189,"stat.pickup.minecraft.leather":1,"stat.drop.minecraft.name_tag":1}