{"stat.chestOpened":1,"stat.pickup.minecraft.tripwire_hook":2,"stat.walkOneCm":6767,"stat.pickup.minecraft.record_strad":1,"stat.pickup.minecraft.fireworks":2,"stat.leaveGame":2,"stat.pickup.minecraft.melon_block":2,"stat.pickup.minecraft.record_blocks":1,"stat.damageTaken":490,"stat.pickup.minecraft.golden_horse_armor":1,"stat.pickup.minecraft.spawn_egg":2,"stat.pickup.minecraft.prismarine_crystals":1,"stat.flyOneCm":33673,"stat.deaths":2,"stat.jump":115,"stat.pickup.minecraft.iron_horse_armor":1,"stat.pickup.minecraft.egg":2,"stat.playOneMinute":3506,"stat.fallOneCm":6142,"stat.pickup.minecraft.tnt":2,"stat.entityKilledBy.Skeleton":1,"stat.pickup.minecraft.cooked_porkchop":1,"stat.damageDealt":10,"stat.pickup.minecraft.redstone":1,"stat.pickup.minecraft.blaze_powder":1,"stat.timeSinceDeath":3026,"stat.pickup.minecraft.ender_pearl":1,"stat.pickup.minecraft.sapling":1,"stat.sprintOneCm":23887}