{"stat.useItem.276":68,"stat.walkOneCm":1567288,"stat.leaveGame":84,"stat.useItem.24":42,"stat.jump":2605,"stat.swimOneCm":10376,"stat.fallOneCm":47106,"achievement.exploreAllBiomes":{"value":0,"progress":["Jungle","Plains"]},"stat.useItem.35":886,"achievement.openInventory":286,"stat.killEntity.Chicken":6,"stat.damageTaken":-2147335829,"stat.mobKills":49,"stat.flyOneCm":2394510,"stat.deaths":7,"stat.useItem.12":4,"stat.drop":1,"stat.useItem.148":514,"stat.useItem.147":140,"stat.playOneMinute":1206687,"stat.useItem.3":138,"stat.damageDealt":6985,"stat.killEntity.Pig":43,"stat.diveOneCm":15579}