{
  "minecraft:recipes/misc/map": {
    "criteria": {
      "has_compass": "2017-08-04 10:13:22 +0200"
    },
    "done": true
  },
  "minecraft:adventure/root": {
    "criteria": {
      "killed_by_something": "2017-08-04 10:13:38 +0200"
    },
    "done": true
  },
  "minecraft:adventure/adventuring_time": {
    "criteria": {
      "forest": "2017-08-04 10:13:27 +0200",
      "plains": "2017-08-04 10:13:41 +0200",
      "extreme_hills": "2017-08-04 10:13:30 +0200",
      "jungle": "2017-08-04 10:13:25 +0200"
    },
    "done": false
  }
}